{
  "data_processing": {
    "original_rows": 10000,
    "features_used": [
      "feature1",
      "feature2",
      "feature3",
      "feature4",
      "feature5"
    ]
  },
  "model_training": {
    "models_trained": 3,
    "best_r2": 0.969707309479568,
    "avg_r2": 0.7898930520607651,
    "training_results": {
      "random_forest": {
        "r2": 0.969707309479568,
        "mse": 0.2714644483786814
      },
      "gradient_boosting": {
        "r2": 0.9648661022726623,
        "mse": 0.31484836777742636
      },
      "linear_regression": {
        "r2": 0.43510574443006467,
        "mse": 5.062234646247313
      }
    }
  },
  "ensemble_performance": {
    "ensemble_mse": 0.7178056099208835,
    "ensemble_r2": 0.9195986617484116
  }
}